Type,Source,Hyperparameter,Setting,mean,std,max,min,n,IscoreType,MetricType
ART,Mimic,$\zeta$,1,0.834342698697065,0.0024666929219039502,0.837164325341565,0.8325951491571952,3,ISCOREam,fft
ART,Mimic,$\zeta$,2,0.7834410208071958,0.007084754632153325,0.7915273363141331,0.7783243760535646,3,ISCOREam,fft
ART,VitalDB,$\zeta$,1,0.866620645901179,0.015357329227224758,0.8812690837032854,0.8506410810531554,3,ISCOREam,fft
ART,VitalDB,$\zeta$,2,0.8320959825458835,0.03124457773513091,0.8680825386014016,0.811877962894042,3,ISCOREam,fft
II,Mimic,$\zeta$,1,0.6206926586574263,0.007089156432026618,0.6262233503762771,0.6127009636180263,3,ISCOREam,fft
II,Mimic,$\zeta$,2,0.6050785828856382,0.03171389892722828,0.6415170232418784,0.583704773436315,3,ISCOREam,fft
II,VitalDB,$\zeta$,1,0.7198063566348756,0.012188352848485103,0.7338180990985477,0.7116562607712592,3,ISCOREam,fft
II,VitalDB,$\zeta$,2,0.6909570823473516,0.000986562061881466,0.6916282366318129,0.6898243423316875,3,ISCOREam,fft
ART,Mimic,$J$,30,0.8106079083255058,0.02881568775994831,0.837164325341565,0.7804713500538899,4,ISCOREam,fft
ART,Mimic,$J$,50,0.8054597626053799,0.03837523168181365,0.8325951491571952,0.7783243760535646,2,ISCOREam,fft
ART,VitalDB,$J$,30,0.8496383388739239,0.0264727649806336,0.8680825386014016,0.811877962894042,4,ISCOREam,fft
ART,VitalDB,$J$,50,0.848798264922746,0.04592067230079778,0.8812690837032854,0.8163274461422066,2,ISCOREam,fft
II,Mimic,$J$,30,0.6152691055685487,0.0241800318995607,0.6415170232418784,0.583704773436315,4,ISCOREam,fft
II,Mimic,$J$,50,0.6081186511774991,0.02560391114959715,0.6262233503762771,0.5900139519787211,2,ISCOREam,fft
II,VitalDB,$J$,30,0.701763387442395,0.012799943266937142,0.7139447100348201,0.6898243423316875,4,ISCOREam,fft
II,VitalDB,$J$,50,0.7126183835885511,0.02998092519268838,0.7338180990985477,0.6914186680785546,2,ISCOREam,fft
ART,Mimic,$C$,500,0.8088178376977275,0.04008798727155649,0.837164325341565,0.7804713500538899,2,ISCOREam,fft
ART,Mimic,$C$,800,0.808928870779332,0.028236883096790847,0.833268621592435,0.7783243760535646,4,ISCOREam,fft
ART,VitalDB,$C$,500,0.8312595219735988,0.027409663710244506,0.8506410810531554,0.811877962894042,2,ISCOREam,fft
ART,VitalDB,$C$,800,0.8584077103484975,0.028740693913841715,0.8812690837032854,0.8163274461422066,4,ISCOREam,fft
II,Mimic,$C$,500,0.6271089934299523,0.020376031167101762,0.6415170232418784,0.6127009636180263,2,ISCOREam,fft
II,Mimic,$C$,800,0.6057739344423221,0.022027698139808108,0.6262233503762771,0.583704773436315,4,ISCOREam,fft
II,VitalDB,$C$,500,0.7027864733333165,0.01578012967543553,0.7139447100348201,0.6916282366318129,2,ISCOREam,fft
II,VitalDB,$C$,800,0.7066793425700122,0.020641875235107052,0.7338180990985477,0.6898243423316875,4,ISCOREam,fft
ART,Mimic,$\zeta$,1,0.8180313640483882,0.004491738010154607,0.8228042805726548,0.8138870203402843,3,ISCOREgm,fft
ART,Mimic,$\zeta$,2,0.7621679046513125,0.008860281299824562,0.772357731050916,0.7562791632764764,3,ISCOREgm,fft
ART,VitalDB,$\zeta$,1,0.8584391044755627,0.016428167421250327,0.8741895109326928,0.8414081267223043,3,ISCOREgm,fft
ART,VitalDB,$\zeta$,2,0.8216816133645941,0.035201739324128026,0.8621495920669928,0.7981431609328755,3,ISCOREgm,fft
II,Mimic,$\zeta$,1,0.5667256123144206,0.010633664281480167,0.5746352236670796,0.5546373355316911,3,ISCOREgm,fft
II,Mimic,$\zeta$,2,0.5319038933293125,0.0022519642829013716,0.5341580981724837,0.5296541763143641,3,ISCOREgm,fft
II,VitalDB,$\zeta$,1,0.6880899958375334,0.012868617595534575,0.702594397888553,0.6780417154717896,3,ISCOREgm,fft
II,VitalDB,$\zeta$,2,0.651341435637338,0.001923679698808575,0.6535291700181577,0.6499145409813295,3,ISCOREgm,fft
ART,Mimic,$J$,30,0.7922109915330682,0.03294350892045113,0.8228042805726548,0.7562791632764764,4,ISCOREgm,fft
ART,Mimic,$J$,50,0.7858769199834147,0.039612263808116416,0.8138870203402843,0.7578668196265451,2,ISCOREgm,fft
ART,VitalDB,$J$,30,0.8403551388734659,0.029625120783743953,0.8621495920669928,0.7981431609328755,4,ISCOREgm,fft
ART,VitalDB,$J$,50,0.8394707990133035,0.049099673264524975,0.8741895109326928,0.804752087093914,2,ISCOREgm,fft
II,Mimic,$J$,30,0.5473384719407575,0.019105646437387946,0.5709042777444912,0.5296541763143641,4,ISCOREgm,fft
II,Mimic,$J$,50,0.5532673145840847,0.030218786824726642,0.5746352236670796,0.5318994055010898,2,ISCOREgm,fft
II,VitalDB,$J$,30,0.6662798251558835,0.017028474319279337,0.6836338741522573,0.6499145409813295,4,ISCOREgm,fft
II,VitalDB,$J$,50,0.6765874969005401,0.036779312092542274,0.702594397888553,0.650580595912527,2,ISCOREgm,fft
ART,Mimic,$C$,500,0.7895417219245655,0.047040361559358174,0.8228042805726548,0.7562791632764764,2,ISCOREgm,fft
ART,Mimic,$C$,800,0.7903785905624927,0.02980335730183679,0.8174027912322254,0.7578668196265451,4,ISCOREgm,fft
ART,VitalDB,$C$,500,0.8197756438275898,0.03059295069750901,0.8414081267223043,0.7981431609328755,2,ISCOREgm,fft
ART,VitalDB,$C$,800,0.8502027164663227,0.030953870895026343,0.8741895109326928,0.804752087093914,4,ISCOREgm,fft
II,Mimic,$C$,500,0.5421457559230276,0.017665761298035175,0.5546373355316911,0.5296541763143641,2,ISCOREgm,fft
II,Mimic,$C$,800,0.552899251271286,0.023013458498136057,0.5746352236670796,0.5318994055010898,4,ISCOREgm,fft
II,VitalDB,$C$,500,0.6685815220852075,0.02128724043883652,0.6836338741522573,0.6535291700181577,2,ISCOREgm,fft
II,VitalDB,$C$,800,0.6702828125635498,0.025214301158703413,0.702594397888553,0.6499145409813295,4,ISCOREgm,fft
ART,Mimic,$\zeta$,1,0.8008929776201351,0.007076949578947396,0.8079519989216787,0.7937982349935686,3,ISCOREhm,fft
ART,Mimic,$\zeta$,2,0.7409755651669436,0.011498436089760904,0.7535630882709762,0.7310239724146939,3,ISCOREhm,fft
ART,VitalDB,$\zeta$,1,0.8500632468836834,0.017427279500555885,0.8668206485311034,0.8320355985364981,3,ISCOREhm,fft
ART,VitalDB,$\zeta$,2,0.811429136605757,0.039144105696874265,0.8562928229900664,0.7842330260181029,3,ISCOREhm,fft
II,Mimic,$\zeta$,1,0.5213872718660973,0.014162478488688617,0.5311571355911853,0.5051450463542072,3,ISCOREhm,fft
II,Mimic,$\zeta$,2,0.46006088589452854,0.0519591579837789,0.4944458935554658,0.40028895587603736,3,ISCOREhm,fft
II,VitalDB,$\zeta$,1,0.6548505687085938,0.013322116017882671,0.6695384758606042,0.643547093341467,3,ISCOREhm,fft
II,VitalDB,$\zeta$,2,0.6106684257563594,0.00312183665510423,0.6142612998711572,0.6086184028208752,3,ISCOREhm,fft
ART,Mimic,$J$,30,0.7733669396381266,0.03715237230650029,0.8079519989216787,0.7310239724146939,4,ISCOREhm,fft
ART,Mimic,$J$,50,0.7660689349043648,0.03921515226126564,0.7937982349935686,0.7383396348151609,2,ISCOREhm,fft
ART,VitalDB,$J$,30,0.830973735282029,0.03287043969143895,0.8562928229900664,0.7842330260181029,4,ISCOREhm,fft
ART,VitalDB,$J$,50,0.8302911046701027,0.05166057635553004,0.8668206485311034,0.793761560809102,2,ISCOREhm,fft
II,Mimic,$J$,30,0.48193488235965243,0.05618533974419057,0.5278596336528993,0.40028895587603736,4,ISCOREhm,fft
II,Mimic,$J$,50,0.5083024719216338,0.03232137532495528,0.5311571355911853,0.4854478082520824,2,ISCOREhm,fft
II,VitalDB,$J$,30,0.6294732332393024,0.021198177745781074,0.6514661369237102,0.6086184028208752,4,ISCOREhm,fft
II,VitalDB,$J$,50,0.639332025218825,0.042718372168757714,0.6695384758606042,0.6091255745770457,2,ISCOREhm,fft
ART,Mimic,$C$,500,0.7694879856681862,0.05439632920638741,0.8079519989216787,0.7310239724146939,2,ISCOREhm,fft
ART,Mimic,$C$,800,0.7716574142562159,0.030465844864960834,0.800928698945158,0.7383396348151609,4,ISCOREhm,fft
ART,VitalDB,$C$,500,0.8081343122773005,0.03380152318591899,0.8320355985364981,0.7842330260181029,2,ISCOREhm,fft
ART,VitalDB,$C$,800,0.84205213147843,0.03283493885996034,0.8668206485311034,0.793761560809102,4,ISCOREhm,fft
II,Mimic,$C$,500,0.45271700111512225,0.07414445262582406,0.5051450463542072,0.40028895587603736,2,ISCOREhm,fft
II,Mimic,$C$,800,0.5097276177629082,0.023173508432559026,0.5311571355911853,0.4854478082520824,4,ISCOREhm,fft
II,VitalDB,$C$,500,0.6328637183974337,0.026307792572800796,0.6514661369237102,0.6142612998711572,2,ISCOREhm,fft
II,VitalDB,$C$,800,0.632707386649998,0.02949807550875417,0.6695384758606042,0.6086184028208752,4,ISCOREhm,fft
ART,Mimic,$\zeta$,1,0.9996531976957832,0.0002648957642733562,0.9998276064687185,0.9993483790844304,3,MS,fft
ART,Mimic,$\zeta$,2,0.9995862447986692,0.00013078292176332696,0.9997002217977491,0.9994434594146548,3,MS,fft
ART,VitalDB,$\zeta$,1,0.9995320538187458,0.00045528723837858897,0.9998972782355845,0.9990219590711903,3,MS,fft
ART,VitalDB,$\zeta$,2,0.999595744459894,0.0001671203201769058,0.9996970687264078,0.9994028527721217,3,MS,fft
II,Mimic,$\zeta$,1,0.9982971897211481,0.0009087590522835396,0.99929383295865,0.9975144921048807,3,MS,fft
II,Mimic,$\zeta$,2,0.986798225497021,0.021087064468198444,0.9991481806218169,0.9624498265672086,3,MS,fft
II,VitalDB,$\zeta$,1,0.9887829499893176,0.006658060968413175,0.9942498836216638,0.9813682169604891,3,MS,fft
II,VitalDB,$\zeta$,2,0.9925244755546668,0.006698811233793009,0.9968825418406527,0.9848110485305694,3,MS,fft
ART,Mimic,$J$,30,0.9995799166913882,0.00022215144700532636,0.9998276064687185,0.9993483790844304,4,MS,fft
ART,Mimic,$J$,50,0.9996993303589021,0.00011918592430585721,0.9997836075342007,0.9996150531836034,2,MS,fft
ART,VitalDB,$J$,30,0.9995208159570532,0.0003326729584024991,0.9996970687264078,0.9990219590711903,4,MS,fft
ART,VitalDB,$J$,50,0.9996500655038532,0.00034961159800587875,0.9998972782355845,0.9994028527721217,2,MS,fft
II,Mimic,$J$,30,0.9896015830631391,0.01811913577134747,0.99929383295865,0.9624498265672086,4,MS,fft
II,Mimic,$J$,50,0.9984399567009756,0.0005044677982916379,0.9987966693020379,0.9980832440999134,2,MS,fft
II,VitalDB,$J$,30,0.9890772463513752,0.007086630234383858,0.9958798362927783,0.9813682169604891,4,MS,fft
II,VitalDB,$J$,50,0.9938066456132263,0.0043499741612787,0.9968825418406527,0.9907307493857999,2,MS,fft
ART,Mimic,$C$,500,0.9996355329416866,0.00027163298690119857,0.9998276064687185,0.9994434594146548,2,MS,fft
ART,Mimic,$C$,800,0.9996118153999959,0.00018862432163763748,0.9997836075342007,0.9993483790844304,4,MS,fft
ART,VitalDB,$C$,500,0.9996821180153073,7.3452355189399185e-06,0.9996873118811521,0.9996769241494624,2,MS,fft
ART,VitalDB,$C$,800,0.9995047897013261,0.0003805850881400268,0.9998972782355845,0.9990219590711903,4,MS,fft
II,Mimic,$C$,500,0.9808718297629293,0.026052646765468764,0.99929383295865,0.9624498265672086,2,MS,fft
II,Mimic,$C$,800,0.9983856465321622,0.0007304690781600677,0.9991481806218169,0.9975144921048807,4,MS,fft
II,VitalDB,$C$,500,0.9895304660761166,0.006674264299414347,0.9942498836216638,0.9848110485305694,2,MS,fft
II,VitalDB,$C$,800,0.9912153361199301,0.007096369085351915,0.9968825418406527,0.9813682169604891,4,MS,fft
ART,Mimic,$\zeta$,1,0.6969686374911594,0.012920485548956804,0.7117942571746454,0.6881102490208815,3,MP,fft
ART,Mimic,$\zeta$,2,0.571907156578645,0.07436320486946922,0.6491273815697063,0.5007752993927375,3,MP,fft
ART,VitalDB,$\zeta$,1,0.7517677263606308,0.04329118569718566,0.8005934217992494,0.7180723489338734,3,MP,fft
ART,VitalDB,$\zeta$,2,0.6854368753054291,0.09107682593738785,0.7830836139324424,0.6027930380847505,3,MP,fft
II,Mimic,$\zeta$,1,0.45963150224909,0.027321717931637745,0.47602963083432603,0.42809143744422906,3,MP,fft
II,Mimic,$\zeta$,2,0.5584339463213285,0.29617019075631407,0.8999102659209113,0.3715024466197695,3,MP,fft
II,VitalDB,$\zeta$,1,0.5551387344332452,0.04048270844042531,0.5845389427007659,0.508965300351062,3,MP,fft
II,VitalDB,$\zeta$,2,0.3823551583274627,0.007418062841681394,0.38714216628382314,0.3738101445799299,3,MP,fft
ART,Mimic,$J$,30,0.6322535840653192,0.08970792981921662,0.6910014062779515,0.5007752993927375,4,MP,fft
ART,Mimic,$J$,50,0.6388065229740684,0.10322024359333862,0.7117942571746454,0.5658187887734913,2,MP,fft
ART,VitalDB,$J$,30,0.710146602324959,0.0766141320306,0.7830836139324424,0.6027930380847505,4,MP,fft
ART,VitalDB,$J$,50,0.7355136978491719,0.0920366282456968,0.8005934217992494,0.6704339738990943,2,MP,fft
II,Mimic,$J$,30,0.5519801151556928,0.2338825996727055,0.8999102659209113,0.40388912642330477,4,MP,fft
II,Mimic,$J$,50,0.4231379425442422,0.07302361863624997,0.4747734384687149,0.3715024466197695,2,MP,fft
II,VitalDB,$J$,30,0.4633568879375982,0.10124299118932349,0.5845389427007659,0.3738101445799299,4,MP,fft
II,VitalDB,$J$,50,0.4795270632658654,0.1306519742704454,0.5719119602479077,0.38714216628382314,2,MP,fft
ART,Mimic,$C$,500,0.5944427742068095,0.13246581323530093,0.6881102490208815,0.5007752993927375,2,MP,fft
ART,Mimic,$C$,800,0.6544354584489487,0.06457086586692541,0.7117942571746454,0.5658187887734913,4,MP,fft
ART,VitalDB,$C$,500,0.6604326935093119,0.08151478243192671,0.7180723489338734,0.6027930380847505,2,MP,fft
ART,VitalDB,$C$,800,0.747687104494889,0.058143882632784194,0.8005934217992494,0.6704339738990943,4,MP,fft
II,Mimic,$C$,500,0.6879699483776187,0.2997288714833848,0.8999102659209113,0.47602963083432603,2,MP,fft
II,Mimic,$C$,800,0.4195641122390046,0.04349871208940862,0.4747734384687149,0.3715024466197695,4,MP,fft
II,VitalDB,$C$,500,0.48532605340970053,0.14030821359764503,0.5845389427007659,0.38611316411863517,2,MP,fft
II,VitalDB,$C$,800,0.46045739286568066,0.09601736954532643,0.5719119602479077,0.3738101445799299,4,MP,fft
ART,Mimic,$\zeta$,1,0.9031948043328327,0.01006773513176372,0.9123489533254712,0.8924120503532674,3,AC,fft
ART,Mimic,$\zeta$,2,0.7506987410413135,0.041564256532900565,0.7899896533620138,0.7071837315150528,3,AC,fft
ART,VitalDB,$\zeta$,1,0.9142375558340544,0.017481055044284172,0.9299792755329964,0.8954243022267602,3,AC,fft
ART,VitalDB,$\zeta$,2,0.7908548860667248,0.06413946214793914,0.8446106181034141,0.7198565989315474,3,AC,fft
II,Mimic,$\zeta$,1,0.8843229619612267,0.00826646714563148,0.892143621870355,0.875673176551748,3,AC,fft
II,Mimic,$\zeta$,2,0.8001434378676625,0.037731647428287655,0.8398022331023678,0.764691550434298,3,AC,fft
II,VitalDB,$\zeta$,1,0.8295904408414131,0.03938724273546624,0.8652393048451529,0.7873073955972785,3,AC,fft
II,VitalDB,$\zeta$,2,0.7849561179955763,0.006756131434443623,0.7904456963405043,0.777410942468281,3,AC,fft
ART,Mimic,$J$,30,0.8374183738219065,0.07679820552905763,0.9123489533254712,0.7549228382468738,4,AC,fft
ART,Mimic,$J$,50,0.8060035704174062,0.13975235640723266,0.9048234093197597,0.7071837315150528,2,AC,fft
ART,VitalDB,$J$,30,0.8663603628094485,0.049356204553707664,0.9173090897424067,0.808097441165213,4,AC,fft
ART,VitalDB,$J$,50,0.8249179372322719,0.14857916950595249,0.9299792755329964,0.7198565989315474,2,AC,fft
II,Mimic,$J$,30,0.8321112197306808,0.061523852743160724,0.892143621870355,0.764691550434298,4,AC,fft
II,Mimic,$J$,50,0.8624771602819725,0.03206718954321932,0.8851520874615773,0.8398022331023678,2,AC,fft
II,VitalDB,$J$,30,0.7969886688313277,0.026558200570660398,0.8362246220818077,0.777410942468281,4,AC,fft
II,VitalDB,$J$,50,0.8278425005928286,0.05288706776304883,0.8652393048451529,0.7904456963405043,2,AC,fft
ART,Mimic,$C$,500,0.8511693033437424,0.08652109074539957,0.9123489533254712,0.7899896533620138,2,AC,fft
ART,Mimic,$C$,800,0.8148355073587384,0.09881696090033551,0.9048234093197597,0.7071837315150528,4,AC,fft
ART,VitalDB,$C$,500,0.8517608716959866,0.061749415636355484,0.8954243022267602,0.808097441165213,2,AC,fft
ART,VitalDB,$C$,800,0.8529388955775912,0.09636562306611511,0.9299792755329964,0.7198565989315474,4,AC,fft
II,Mimic,$C$,500,0.835804853309035,0.056382323438919295,0.875673176551748,0.7959365300663219,2,AC,fft
II,Mimic,$C$,800,0.8454473732171495,0.05862415455471264,0.892143621870355,0.764691550434298,4,AC,fft
II,VitalDB,$C$,500,0.787159555387611,0.000209077629575765,0.7873073955972785,0.7870117151779435,2,AC,fft
II,VitalDB,$C$,800,0.8173301414339365,0.04069645837070989,0.8652393048451529,0.777410942468281,4,AC,fft
ART,Mimic,$\zeta$,1,0.5989166818900873,0.031162893851966633,0.6264298450887751,0.5650753961273578,3,SS,fft
ART,Mimic,$\zeta$,2,0.6190784932124881,0.04274600467225849,0.65107775846619,0.5705326444790271,3,SS,fft
ART,VitalDB,$\zeta$,1,0.7069592999986547,0.01340247557344122,0.7185476471892505,0.692282052130373,3,SS,fft
ART,VitalDB,$\zeta$,2,0.7218392767901468,0.018911993509233758,0.7416191935468968,0.7039349769968251,3,SS,fft
II,Mimic,$\zeta$,1,0.38974030960545997,0.011830279228599978,0.402850711210495,0.3798619275044476,3,SS,fft
II,Mimic,$\zeta$,2,0.29448737254220275,0.1236880663075095,0.3773734922719659,0.1523161829716705,3,SS,fft
II,VitalDB,$\zeta$,1,0.42307437461938074,0.009554910334841495,0.43106001159321095,0.41248849060128,3,SS,fft
II,VitalDB,$\zeta$,2,0.4878260108339359,0.015312220414733234,0.49883398330346085,0.4703394330342402,3,SS,fft
ART,Mimic,$J$,30,0.6133212631220303,0.03412468769988037,0.65107775846619,0.5705326444790271,4,SS,fft
ART,Mimic,$J$,50,0.6003502364098026,0.049886157537978044,0.6356250766922472,0.5650753961273578,2,SS,fft
ART,VitalDB,$J$,30,0.7140959674658363,0.02126372541711295,0.7416191935468968,0.692282052130373,4,SS,fft
ART,VitalDB,$J$,50,0.7150059302515295,0.0070112884038102535,0.7199636598267183,0.7100482006763406,2,SS,fft
II,Mimic,$J$,30,0.3297621691388922,0.11876583869641426,0.402850711210495,0.1523161829716705,4,SS,fft
II,Mimic,$J$,50,0.36681718494370974,0.018448051847060994,0.3798619275044476,0.3537724423829719,2,SS,fft
II,VitalDB,$J$,30,0.45782542793312464,0.045098207717388525,0.49883398330346085,0.41248849060128,4,SS,fft
II,VitalDB,$J$,50,0.45069972231372557,0.027774745262036053,0.4703394330342402,0.43106001159321095,2,SS,fft
ART,Mimic,$C$,500,0.6387538017774825,0.017428706691268694,0.65107775846619,0.6264298450887751,2,SS,fft
ART,Mimic,$C$,800,0.5941194804381903,0.032895719168728854,0.6356250766922472,0.5650753961273578,4,SS,fft
ART,VitalDB,$C$,500,0.698108514563599,0.008239862193725614,0.7039349769968251,0.692282052130373,2,SS,fft
ART,VitalDB,$C$,800,0.7225446753098015,0.01344912635282061,0.7416191935468968,0.7100482006763406,4,SS,fft
II,Mimic,$C$,500,0.269412236536554,0.16559882705182466,0.3865082901014375,0.1523161829716705,2,SS,fft
II,Mimic,$C$,800,0.3784646433424701,0.020062636150949317,0.402850711210495,0.3537724423829719,4,SS,fft
II,VitalDB,$C$,500,0.4533965533826933,0.05785273719588471,0.4943046161641066,0.41248849060128,2,SS,fft
II,VitalDB,$C$,800,0.4564770123986408,0.03454991989881818,0.49883398330346085,0.4256746216636512,4,SS,fft
ART,Mimic,$\zeta$,1,0.9729801720754626,0.012119875750236694,0.9814990756300124,0.9591049728039788,3,RA,fft
ART,Mimic,$\zeta$,2,0.9759344684048639,0.012872511655898592,0.9833792301034286,0.9610705796338532,3,RA,fft
ART,VitalDB,$\zeta$,1,0.9606065934938098,0.011199641234756521,0.968242760383866,0.9477497778253078,3,RA,fft
ART,VitalDB,$\zeta$,2,0.9627531301072222,0.01548383943478261,0.9719801452815512,0.9448770463422688,3,RA,fft
II,Mimic,$\zeta$,1,0.37147132975020614,0.0393911481123008,0.3951680472599171,0.3259998876439693,3,RA,fft
II,Mimic,$\zeta$,2,0.38552993219997606,0.011789515213257669,0.3969723106832798,0.3734215174301896,3,RA,fft
II,VitalDB,$\zeta$,1,0.8024452832910215,0.010003955932401503,0.8101484694206664,0.7911388376531118,3,RA,fft
II,VitalDB,$\zeta$,2,0.8071236490251171,0.004670042067403949,0.8122835028935531,0.8031868050139883,3,RA,fft
ART,Mimic,$J$,30,0.9704664039268845,0.012184433273794265,0.9833535954773096,0.9591049728039788,4,RA,fft
ART,Mimic,$J$,50,0.9824391528667205,0.0013294699778309085,0.9833792301034286,0.9814990756300124,2,RA,fft
ART,VitalDB,$J$,30,0.9580679458123224,0.013684462856560206,0.9714021986978468,0.9448770463422688,4,RA,fft
ART,VitalDB,$J$,50,0.9689036937769033,0.004350759441856078,0.9719801452815512,0.9658272422722556,2,RA,fft
II,Mimic,$J$,30,0.37289044075433897,0.033041560820295364,0.3969723106832798,0.3259998876439693,4,RA,fft
II,Mimic,$J$,50,0.3897210114165953,0.004985163519746729,0.393246054346732,0.3861959684864586,2,RA,fft
II,VitalDB,$J$,30,0.8015687061585491,0.0070766041967199565,0.8060485427992865,0.7911388376531118,4,RA,fft
II,VitalDB,$J$,50,0.8112159861571098,0.0015096966467384382,0.8122835028935531,0.8101484694206664,2,RA,fft
ART,Mimic,$C$,500,0.960087776218916,0.0013898939185508592,0.9610705796338532,0.9591049728039788,2,RA,fft
ART,Mimic,$C$,800,0.9816420922507868,0.002373078031250059,0.9833792301034286,0.9783364677923966,4,RA,fft
ART,VitalDB,$C$,500,0.9463134120837883,0.002031327912184975,0.9477497778253078,0.9448770463422688,2,RA,fft
ART,VitalDB,$C$,800,0.9693630866588799,0.002873110987000359,0.9719801452815512,0.9658272422722556,4,RA,fft
II,Mimic,$C$,500,0.36148609916362456,0.05018508160833682,0.3969723106832798,0.3259998876439693,2,RA,fft
II,Mimic,$C$,800,0.3870078968808243,0.009844653321694877,0.3951680472599171,0.3734215174301896,4,RA,fft
II,VitalDB,$C$,500,0.798519738410461,0.01043816995357298,0.8059006391678101,0.7911388376531118,2,RA,fft
II,VitalDB,$C$,800,0.8079168300318735,0.004078875665989706,0.8122835028935531,0.8031868050139883,4,RA,fft
ART,Mimic,$\zeta$,1,0.8236083829115696,0.0066976323660709715,0.8293069169788684,0.8162310576380211,3,ISCOREam,matching_pursuit
ART,Mimic,$\zeta$,2,0.7719643782039999,0.004613262961400087,0.7750440229976551,0.7666603777946828,3,ISCOREam,matching_pursuit
ART,VitalDB,$\zeta$,1,0.8535645542362978,0.013359183401865761,0.8676713649730525,0.8411059477345006,3,ISCOREam,matching_pursuit
ART,VitalDB,$\zeta$,2,0.8060703697387552,0.038077137284509996,0.8498182500968922,0.7803937190906886,3,ISCOREam,matching_pursuit
II,Mimic,$\zeta$,1,0.5600719311061421,0.004366485645070909,0.5649181509896326,0.5564439097488745,3,ISCOREam,matching_pursuit
II,Mimic,$\zeta$,2,0.5633125900814893,0.05639853353631186,0.6283461413870175,0.5278339757278636,3,ISCOREam,matching_pursuit
II,VitalDB,$\zeta$,1,0.6714467016839415,0.009102881967376159,0.6804258327414893,0.6622249205852133,3,ISCOREam,matching_pursuit
II,VitalDB,$\zeta$,2,0.6640875076755752,0.011960301942388028,0.6770095457566552,0.65340576340986,3,ISCOREam,matching_pursuit
ART,Mimic,$J$,30,0.7986926828585517,0.028310943422379813,0.8293069169788684,0.7741887338196621,4,ISCOREam,matching_pursuit
ART,Mimic,$J$,50,0.7959737759562509,0.04145540523933213,0.8252871741178189,0.7666603777946828,2,ISCOREam,matching_pursuit
ART,VitalDB,$J$,30,0.8327099219653546,0.030172443495472476,0.8519163500013407,0.7879991400286852,4,ISCOREam,matching_pursuit
ART,VitalDB,$J$,50,0.8240325420318706,0.061714615249417765,0.8676713649730525,0.7803937190906886,2,ISCOREam,matching_pursuit
II,Mimic,$J$,30,0.5693503592113495,0.04092309311016089,0.6283461413870175,0.5337576531295868,4,ISCOREam,matching_pursuit
II,Mimic,$J$,50,0.5463760633587481,0.026222471802307266,0.5649181509896326,0.5278339757278636,2,ISCOREam,matching_pursuit
II,VitalDB,$J$,30,0.6681927579818002,0.007435117749881549,0.6770095457566552,0.6618472138602105,4,ISCOREam,matching_pursuit
II,VitalDB,$J$,50,0.6669157980756746,0.019106074252525675,0.6804258327414893,0.65340576340986,2,ISCOREam,matching_pursuit
ART,Mimic,$C$,500,0.8017478253992653,0.0389744410785569,0.8293069169788684,0.7741887338196621,2,ISCOREam,matching_pursuit
ART,Mimic,$C$,800,0.7958056581370445,0.029250923570576556,0.8252871741178189,0.7666603777946828,4,ISCOREam,matching_pursuit
ART,VitalDB,$C$,500,0.8145525438815929,0.0375521838559521,0.8411059477345006,0.7879991400286852,2,ISCOREam,matching_pursuit
ART,VitalDB,$C$,800,0.8374499210404935,0.03886300290693079,0.8676713649730525,0.7803937190906886,4,ISCOREam,matching_pursuit
II,Mimic,$C$,500,0.592395025567946,0.05084255557377685,0.6283461413870175,0.5564439097488745,2,ISCOREam,matching_pursuit
II,Mimic,$C$,800,0.5463408781067505,0.01828049581128592,0.5649181509896326,0.5278339757278636,4,ISCOREam,matching_pursuit
II,VitalDB,$C$,500,0.6667682827926662,0.006959442425651735,0.6716893517251219,0.6618472138602105,2,ISCOREam,matching_pursuit
II,VitalDB,$C$,800,0.6682665156233044,0.012670601086069848,0.6804258327414893,0.65340576340986,4,ISCOREam,matching_pursuit
ART,Mimic,$\zeta$,1,0.8055843867198361,0.008881503581437076,0.8138192642384053,0.796173442500301,3,ISCOREgm,matching_pursuit
ART,Mimic,$\zeta$,2,0.7458070179125446,0.006708788505894156,0.7529413153687002,0.7396256402212472,3,ISCOREgm,matching_pursuit
ART,VitalDB,$\zeta$,1,0.8431881785058777,0.01449110054097931,0.8587839041646994,0.8301394109192037,3,ISCOREgm,matching_pursuit
ART,VitalDB,$\zeta$,2,0.7884628697659742,0.04614206169924384,0.841647589388982,0.7591084352227938,3,ISCOREgm,matching_pursuit
II,Mimic,$\zeta$,1,0.4701413642860699,0.006120656350094004,0.4771298634916299,0.4657343752372476,3,ISCOREgm,matching_pursuit
II,Mimic,$\zeta$,2,0.4525435815106067,0.04018140925891224,0.49646193089582596,0.4176256418116178,3,ISCOREgm,matching_pursuit
II,VitalDB,$\zeta$,1,0.6014590489428909,0.011481577496910261,0.609578250359983,0.5883227997295788,3,ISCOREgm,matching_pursuit
II,VitalDB,$\zeta$,2,0.6033587198808168,0.018748884421119678,0.6233385354590361,0.5861489856303742,3,ISCOREgm,matching_pursuit
ART,Mimic,$J$,30,0.7769470300637732,0.03334390101752851,0.8138192642384053,0.7448540981476863,4,ISCOREgm,matching_pursuit
ART,Mimic,$J$,50,0.7731930468210246,0.047471481667097325,0.8067604534208019,0.7396256402212472,2,ISCOREgm,matching_pursuit
ART,VitalDB,$J$,30,0.8192652013570156,0.03679165088028365,0.841647589388982,0.7646325846861469,4,ISCOREgm,matching_pursuit
ART,VitalDB,$J$,50,0.8089461696937466,0.07048120000677052,0.8587839041646994,0.7591084352227938,2,ISCOREgm,matching_pursuit
II,Mimic,$J$,30,0.46832483302169553,0.021703476470494115,0.49646193089582596,0.4435431718243764,4,ISCOREgm,matching_pursuit
II,Mimic,$J$,50,0.44737775265162383,0.042075838659164096,0.4771298634916299,0.4176256418116178,2,ISCOREgm,matching_pursuit
II,VitalDB,$J$,30,0.6046815176201915,0.014556374765442191,0.6233385354590361,0.5883227997295788,4,ISCOREgm,matching_pursuit
II,VitalDB,$J$,50,0.5978636179951786,0.0165669919685212,0.609578250359983,0.5861489856303742,2,ISCOREgm,matching_pursuit
ART,Mimic,$C$,500,0.7793366811930458,0.048765736608403915,0.8138192642384053,0.7448540981476863,2,ISCOREgm,matching_pursuit
ART,Mimic,$C$,800,0.7738752128777626,0.03260833933186857,0.8067604534208019,0.7396256402212472,4,ISCOREgm,matching_pursuit
ART,VitalDB,$C$,500,0.7973859978026754,0.046320321043403334,0.8301394109192037,0.7646325846861469,2,ISCOREgm,matching_pursuit
ART,VitalDB,$C$,800,0.8250452873025513,0.04473936482472653,0.8587839041646994,0.7591084352227938,4,ISCOREgm,matching_pursuit
II,Mimic,$C$,500,0.4810981530665368,0.02172766297546782,0.49646193089582596,0.4657343752372476,2,ISCOREgm,matching_pursuit
II,Mimic,$C$,800,0.4514646328142391,0.026618208499664973,0.4771298634916299,0.4176256418116178,4,ISCOREgm,matching_pursuit
II,VitalDB,$C$,500,0.6035323676460755,0.004163061607323136,0.6064760967391112,0.60058863855304,2,ISCOREgm,matching_pursuit
II,VitalDB,$C$,800,0.601847142794743,0.01780439998556181,0.6233385354590361,0.5861489856303742,4,ISCOREgm,matching_pursuit
ART,Mimic,$\zeta$,1,0.7870915268393667,0.011175331280357692,0.7979611003565509,0.7756336754213478,3,ISCOREhm,matching_pursuit
ART,Mimic,$\zeta$,2,0.7188058126396393,0.01120744462386963,0.7317437601073746,0.7120839525900192,3,ISCOREhm,matching_pursuit
ART,VitalDB,$\zeta$,1,0.8325689993881268,0.015598628196486565,0.8496107567799687,0.8189982612525355,3,ISCOREhm,matching_pursuit
ART,VitalDB,$\zeta$,2,0.7701936908358867,0.054928031305685666,0.8336135100581298,0.7377533563608017,3,ISCOREhm,matching_pursuit
II,Mimic,$\zeta$,1,0.39277389810606156,0.004681444400823177,0.39815760572433845,0.3896605103259557,3,ISCOREhm,matching_pursuit
II,Mimic,$\zeta$,2,0.3440444144010717,0.02042892036872132,0.36605206950763103,0.3256861239194331,3,ISCOREhm,matching_pursuit
II,VitalDB,$\zeta$,1,0.5224738011523371,0.012500915617485907,0.530333971059611,0.5080586702738082,3,ISCOREhm,matching_pursuit
II,VitalDB,$\zeta$,2,0.541123892317436,0.023495438222201525,0.5662129748602834,0.5196384858685292,3,ISCOREhm,matching_pursuit
ART,Mimic,$J$,30,0.7544820652766993,0.03919955688719773,0.7979611003565509,0.712589725221524,4,ISCOREhm,matching_pursuit
ART,Mimic,$J$,50,0.7498818786651105,0.053454339684969654,0.7876798047402016,0.7120839525900192,2,ISCOREhm,matching_pursuit
ART,VitalDB,$J$,30,0.8052309893828176,0.04443329899423621,0.8336135100581298,0.7392142060887288,4,ISCOREhm,matching_pursuit
ART,VitalDB,$J$,50,0.7936820565703853,0.07909512636229193,0.8496107567799687,0.7377533563608017,2,ISCOREhm,matching_pursuit
II,Mimic,$J$,30,0.3716528019694071,0.023720909226484704,0.3905035782678906,0.3403950497761509,4,ISCOREhm,matching_pursuit
II,Mimic,$J$,50,0.36192186482188576,0.05124507622688608,0.39815760572433845,0.3256861239194331,2,ISCOREhm,matching_pursuit
II,VitalDB,$J$,30,0.5355314581042995,0.02399360034164168,0.5662129748602834,0.5080586702738082,4,ISCOREhm,matching_pursuit
II,VitalDB,$J$,50,0.5243336239960606,0.006639928017169949,0.5290287621235921,0.5196384858685292,2,ISCOREhm,matching_pursuit
ART,Mimic,$C$,500,0.7552754127890374,0.06036667827719813,0.7979611003565509,0.712589725221524,2,ISCOREhm,matching_pursuit
ART,Mimic,$C$,800,0.7517852982147358,0.03575388458250643,0.7876798047402016,0.7120839525900192,4,ISCOREhm,matching_pursuit
ART,VitalDB,$C$,500,0.7791062336706321,0.05641584643688931,0.8189982612525355,0.7392142060887288,2,ISCOREhm,matching_pursuit
ART,VitalDB,$C$,800,0.8125189008326941,0.050614690972003655,0.8496107567799687,0.7377533563608017,4,ISCOREhm,matching_pursuit
II,Mimic,$C$,500,0.36544931402202074,0.03543208029178844,0.3905035782678906,0.3403950497761509,2,ISCOREhm,matching_pursuit
II,Mimic,$C$,800,0.36988907736933957,0.032448127729966976,0.39815760572433845,0.3256861239194331,4,ISCOREhm,matching_pursuit
II,VitalDB,$C$,500,0.5339270936415531,0.005081442686651564,0.5375202162234952,0.530333971059611,2,ISCOREhm,matching_pursuit
II,VitalDB,$C$,800,0.5307347232815532,0.025159136864450142,0.5662129748602834,0.5080586702738082,4,ISCOREhm,matching_pursuit
ART,Mimic,$\zeta$,1,0.9999175901667862,5.3654252672469825e-05,0.9999520023333014,0.9998557675963671,3,MS,matching_pursuit
ART,Mimic,$\zeta$,2,0.999911130961051,3.4433501608381913e-05,0.9999476223878221,0.999879212359815,3,MS,matching_pursuit
ART,VitalDB,$\zeta$,1,0.999907269410746,7.118957228246919e-05,0.9999631979701293,0.9998271327975266,3,MS,matching_pursuit
ART,VitalDB,$\zeta$,2,0.9999049014647934,1.4996701236728171e-05,0.9999187991971863,0.9998890060448619,3,MS,matching_pursuit
II,Mimic,$\zeta$,1,0.9995554512895991,0.0002742246378371872,0.9998710064615434,0.9993749173398716,3,MS,matching_pursuit
II,Mimic,$\zeta$,2,0.9996365053800255,0.0001696977251690628,0.9997777472644139,0.9994482606073445,3,MS,matching_pursuit
II,VitalDB,$\zeta$,1,0.9986128630051206,0.0005802639255273165,0.999110589107751,0.9979755314630129,3,MS,matching_pursuit
II,VitalDB,$\zeta$,2,0.9988094896123653,0.0012171290473259205,0.9995209075863325,0.9974041061674749,3,MS,matching_pursuit
ART,Mimic,$J$,30,0.9998983851062498,4.133381101289372e-05,0.9999520023333014,0.9998557675963671,4,MS,matching_pursuit
ART,Mimic,$J$,50,0.9999463114792562,1.8539046729569803e-06,0.9999476223878221,0.9999450005706902,2,MS,matching_pursuit
ART,VitalDB,$J$,30,0.9998960771529067,4.704576910951802e-05,0.9999314774645823,0.9998271327975266,4,MS,matching_pursuit
ART,VitalDB,$J$,50,0.9999261020074957,5.246161346595637e-05,0.9999631979701293,0.9998890060448619,2,MS,matching_pursuit
II,Mimic,$J$,30,0.9996179829182934,0.00024319546183915004,0.9998710064615434,0.9993749173398716,4,MS,matching_pursuit
II,Mimic,$J$,50,0.9995519691678502,0.0001860243798636265,0.9996835082683178,0.9994204300673826,2,MS,matching_pursuit
II,VitalDB,$J$,30,0.9984984204553817,0.0009756675870555866,0.9995034550832883,0.9974041061674749,4,MS,matching_pursuit
II,VitalDB,$J$,50,0.9991366880154653,0.0005433685280496123,0.9995209075863325,0.998752468444598,2,MS,matching_pursuit
ART,Mimic,$C$,500,0.9999156073465583,5.1470283854636675e-05,0.9999520023333014,0.999879212359815,2,MS,matching_pursuit
ART,Mimic,$C$,800,0.9999137371725988,4.2963621095358096e-05,0.9999476223878221,0.9998557675963671,4,MS,matching_pursuit
ART,VitalDB,$C$,500,0.999919188308457,1.737949126248859e-05,0.9999314774645823,0.9999068991523318,2,MS,matching_pursuit
ART,VitalDB,$C$,800,0.999899534002426,5.708771284683462e-05,0.9999631979701293,0.9998271327975266,4,MS,matching_pursuit
II,Mimic,$C$,500,0.9996596335344439,0.0002989264602224886,0.9998710064615434,0.9994482606073445,2,MS,matching_pursuit
II,Mimic,$C$,800,0.9995641507349965,0.00019692181720128678,0.9997777472644139,0.9993749173398716,4,MS,matching_pursuit
II,VitalDB,$C$,500,0.9982573476376129,0.001206665659048341,0.999110589107751,0.9974041061674749,2,MS,matching_pursuit
II,VitalDB,$C$,800,0.9989380906443079,0.0007349123111626015,0.9995209075863325,0.9979755314630129,4,MS,matching_pursuit
ART,Mimic,$\zeta$,1,0.6281566484529623,0.027313679536324336,0.6466056729274199,0.5967789826756915,3,MP,matching_pursuit
ART,Mimic,$\zeta$,2,0.5048580539539388,0.07074978674026097,0.5846515706581044,0.44978637079878203,3,MP,matching_pursuit
ART,VitalDB,$\zeta$,1,0.7072748283828664,0.043934641170259345,0.7569613702169886,0.6735609111993845,3,MP,matching_pursuit
ART,VitalDB,$\zeta$,2,0.5816657615918235,0.12519119403083903,0.724835863938166,0.4927724346966015,3,MP,matching_pursuit
II,Mimic,$\zeta$,1,0.3705498166749092,0.0283085649568458,0.38781777823192154,0.3378796552999539,3,MP,matching_pursuit
II,Mimic,$\zeta$,2,0.49055815905829014,0.32885849318359267,0.8683943443318206,0.26881063812246875,3,MP,matching_pursuit
II,VitalDB,$\zeta$,1,0.47102996869428676,0.04471299219697519,0.5122128643718071,0.42347134638511497,3,MP,matching_pursuit
II,VitalDB,$\zeta$,2,0.31679416122589293,0.021253417367015255,0.3398415211822672,0.2979682795894706,3,MP,matching_pursuit
ART,Mimic,$J$,30,0.5680755534720883,0.08250536047944541,0.6410852897557753,0.44978637079878203,4,MP,matching_pursuit
ART,Mimic,$J$,50,0.563370946666175,0.11771167873906448,0.6466056729274199,0.4801362204049302,2,MP,matching_pursuit
ART,VitalDB,$J$,30,0.6456178533915945,0.10409144946744263,0.724835863938166,0.4927724346966015,4,MP,matching_pursuit
ART,VitalDB,$J$,50,0.6421751781788457,0.16233218955350426,0.7569613702169886,0.5273889861407028,2,MP,matching_pursuit
II,Mimic,$J$,30,0.4816738777113019,0.25888305132426037,0.8683943443318206,0.3344694947205811,4,MP,matching_pursuit
II,Mimic,$J$,50,0.32831420817719514,0.08415075578101164,0.38781777823192154,0.26881063812246875,2,MP,matching_pursuit
II,VitalDB,$J$,30,0.38655629331308344,0.10078641736847582,0.5122128643718071,0.2979682795894706,4,MP,matching_pursuit
II,VitalDB,$J$,50,0.4086236082541027,0.09727256038531693,0.47740569532593824,0.3398415211822672,2,MP,matching_pursuit
ART,Mimic,$C$,500,0.5454358302772786,0.13526876282814568,0.6410852897557753,0.44978637079878203,2,MP,matching_pursuit
ART,Mimic,$C$,800,0.5770431116665364,0.06994590470708847,0.6466056729274199,0.4801362204049302,4,MP,matching_pursuit
ART,VitalDB,$C$,500,0.5920373192144137,0.14038174595248912,0.691302203732226,0.4927724346966015,2,MP,matching_pursuit
ART,VitalDB,$C$,800,0.6706867828738106,0.1015183834970211,0.7569613702169886,0.5273889861407028,4,MP,matching_pursuit
II,Mimic,$C$,500,0.6271731804123364,0.34113824154635813,0.8683943443318206,0.38595201649285205,2,MP,matching_pursuit
II,Mimic,$C$,800,0.3322443915937313,0.048815809129333226,0.38781777823192154,0.26881063812246875,4,MP,matching_pursuit
II,VitalDB,$C$,500,0.40509057198063886,0.15149379873208638,0.5122128643718071,0.2979682795894706,2,MP,matching_pursuit
II,VitalDB,$C$,800,0.3883228114498154,0.07585006523443583,0.47740569532593824,0.3125726829059411,4,MP,matching_pursuit
ART,Mimic,$\zeta$,1,0.8986225532157999,0.006651151733845634,0.9044594184597518,0.8913813815918025,3,AC,matching_pursuit
ART,Mimic,$\zeta$,2,0.7388349960278462,0.039672541954944684,0.7810787333380265,0.7023667734501394,3,AC,matching_pursuit
ART,VitalDB,$\zeta$,1,0.9093816999574796,0.016521274824629367,0.9244285219418835,0.8917021389585982,3,AC,matching_pursuit
ART,VitalDB,$\zeta$,2,0.782907874876693,0.06293910327164395,0.8316399140325205,0.7118490079833195,3,AC,matching_pursuit
II,Mimic,$\zeta$,1,0.864534554305616,0.008986918831917776,0.8702473680555901,0.8541756458888058,3,AC,matching_pursuit
II,Mimic,$\zeta$,2,0.795604376391296,0.03906705715917059,0.838490499916249,0.7620443735201998,3,AC,matching_pursuit
II,VitalDB,$\zeta$,1,0.8345238738791182,0.029828695169758473,0.8634845141311925,0.8038969738467101,3,AC,matching_pursuit
II,VitalDB,$\zeta$,2,0.8019466690970153,0.001491009446550101,0.8031631405074383,0.8002833233736449,3,AC,matching_pursuit
ART,Mimic,$J$,30,0.8274947536712384,0.08382030077363106,0.9044594184597518,0.7330594812953727,4,AC,matching_pursuit
ART,Mimic,$J$,50,0.8011968165229925,0.1397667872835459,0.9000268595958455,0.7023667734501394,2,AC,matching_pursuit
ART,VitalDB,$J$,30,0.8601477986443288,0.050046552902254036,0.9120144389719573,0.8052347026142391,4,AC,matching_pursuit
ART,VitalDB,$J$,50,0.8181387649626015,0.15031641586144096,0.9244285219418835,0.7118490079833195,2,AC,matching_pursuit
II,Mimic,$J$,30,0.8219376615714202,0.05604916525450284,0.8702473680555901,0.7620443735201998,4,AC,matching_pursuit
II,Mimic,$J$,50,0.8463330729025274,0.011091073081095717,0.8541756458888058,0.838490499916249,2,AC,matching_pursuit
II,VitalDB,$J$,30,0.8106909935724425,0.017063920293769397,0.8361901336594519,0.8002833233736449,4,AC,matching_pursuit
II,VitalDB,$J$,50,0.8333238273193154,0.04265365233984396,0.8634845141311925,0.8031631405074383,2,AC,matching_pursuit
ART,Mimic,$C$,500,0.842769075898889,0.08724331911701408,0.9044594184597518,0.7810787333380265,2,AC,matching_pursuit
ART,Mimic,$C$,800,0.80670862398329,0.10358440514900213,0.9000268595958455,0.7023667734501394,4,AC,matching_pursuit
ART,VitalDB,$C$,500,0.8484684207864186,0.06114171059091238,0.8917021389585982,0.8052347026142391,2,AC,matching_pursuit
ART,VitalDB,$C$,800,0.8449829707324202,0.09782212180057435,0.9244285219418835,0.7118490079833195,4,AC,matching_pursuit
II,Mimic,$C$,500,0.816145870787895,0.07651107118066545,0.8702473680555901,0.7620443735201998,2,AC,matching_pursuit
II,Mimic,$C$,800,0.8370312626287365,0.03608097375633018,0.869180648972452,0.7862782557374391,4,AC,matching_pursuit
II,VitalDB,$C$,500,0.8020901486101775,0.0025552367543423154,0.8038969738467101,0.8002833233736449,2,AC,matching_pursuit
II,VitalDB,$C$,800,0.8263078329270114,0.029367416884622195,0.8634845141311925,0.8023935434099628,4,AC,matching_pursuit
ART,Mimic,$\zeta$,1,0.6183649506468359,0.022004154202867613,0.641932901541534,0.5983592618651263,3,SS,matching_pursuit
ART,Mimic,$\zeta$,2,0.6402832416723004,0.05748364652115547,0.6791287729678344,0.5742489094219732,3,SS,matching_pursuit
ART,VitalDB,$\zeta$,1,0.6906523799365876,0.01555280764806139,0.7059365066539693,0.6748441406917882,3,SS,matching_pursuit
ART,VitalDB,$\zeta$,2,0.7031201806532446,0.016055767307048958,0.7212944746187413,0.6908614500030072,3,SS,matching_pursuit
II,Mimic,$\zeta$,1,0.19424850351037967,0.005289964303989692,0.2001492700904175,0.18993084641332114,3,SS,matching_pursuit
II,Mimic,$\zeta$,2,0.14523397737785904,0.02999204981055808,0.1748412504953103,0.11487141779244281,3,SS,matching_pursuit
II,VitalDB,$\zeta$,1,0.25062151955016027,0.002758945691830187,0.2523380163850508,0.24743904861920074,3,SS,matching_pursuit
II,VitalDB,$\zeta$,2,0.39576356941748553,0.07826905141754799,0.46739124237009544,0.3122197448797088,3,SS,matching_pursuit
ART,Mimic,$J$,30,0.6275283181162973,0.04423699810349801,0.6791287729678344,0.5742489094219732,4,SS,matching_pursuit
ART,Mimic,$J$,50,0.6329156522461101,0.048870115943446445,0.6674720426270939,0.5983592618651263,2,SS,matching_pursuit
ART,VitalDB,$J$,30,0.6998199348256209,0.019401017915171227,0.7212944746187413,0.6748441406917882,4,SS,matching_pursuit
ART,VitalDB,$J$,50,0.6910189712335062,0.00022276866053330934,0.6911764924640051,0.6908614500030072,2,SS,matching_pursuit
II,Mimic,$J$,30,0.17063183310139274,0.03865962581170839,0.2001492700904175,0.11487141779244281,4,SS,matching_pursuit
II,Mimic,$J$,50,0.16796005512957257,0.03107139100954581,0.18993084641332114,0.145989263845824,2,SS,matching_pursuit
II,VitalDB,$J$,30,0.3436493764095444,0.1111334632604713,0.46739124237009544,0.24743904861920074,4,SS,matching_pursuit
II,VitalDB,$J$,50,0.2822788806323798,0.04234277628774439,0.3122197448797088,0.2523380163850508,2,SS,matching_pursuit
ART,Mimic,$C$,500,0.6605308372546842,0.026301452917679897,0.6791287729678344,0.641932901541534,2,SS,matching_pursuit
ART,Mimic,$C$,800,0.6137207256120102,0.039515286351854424,0.6674720426270939,0.5742489094219732,4,SS,matching_pursuit
ART,VitalDB,$C$,500,0.6860243790148866,0.015811244667089094,0.6972046173379849,0.6748441406917882,2,SS,matching_pursuit
ART,VitalDB,$C$,800,0.7023172309349308,0.014475103972026513,0.7212944746187413,0.6908614500030072,4,SS,matching_pursuit
II,Mimic,$C$,500,0.15751034394143015,0.06030054764492271,0.2001492700904175,0.11487141779244281,2,SS,matching_pursuit
II,Mimic,$C$,800,0.17585668869546395,0.021398665630440666,0.19266539402740035,0.145989263845824,4,SS,matching_pursuit
II,VitalDB,$C$,500,0.3298836073244407,0.11002031906364582,0.40767972100265226,0.2520874936462292,2,SS,matching_pursuit
II,VitalDB,$C$,800,0.31984701306351393,0.10267724962087504,0.46739124237009544,0.24743904861920074,4,SS,matching_pursuit
ART,Mimic,$\zeta$,1,0.9729801720754626,0.012119875750236694,0.9814990756300124,0.9591049728039788,3,RA,matching_pursuit
ART,Mimic,$\zeta$,2,0.9759344684048639,0.012872511655898592,0.9833792301034286,0.9610705796338532,3,RA,matching_pursuit
ART,VitalDB,$\zeta$,1,0.9606065934938098,0.011199641234756521,0.968242760383866,0.9477497778253078,3,RA,matching_pursuit
ART,VitalDB,$\zeta$,2,0.9627531301072222,0.01548383943478261,0.9719801452815512,0.9448770463422688,3,RA,matching_pursuit
II,Mimic,$\zeta$,1,0.37147132975020614,0.0393911481123008,0.3951680472599171,0.3259998876439693,3,RA,matching_pursuit
II,Mimic,$\zeta$,2,0.38552993219997606,0.011789515213257669,0.3969723106832798,0.3734215174301896,3,RA,matching_pursuit
II,VitalDB,$\zeta$,1,0.8024452832910215,0.010003955932401503,0.8101484694206664,0.7911388376531118,3,RA,matching_pursuit
II,VitalDB,$\zeta$,2,0.8071236490251171,0.004670042067403949,0.8122835028935531,0.8031868050139883,3,RA,matching_pursuit
ART,Mimic,$J$,30,0.9704664039268845,0.012184433273794265,0.9833535954773096,0.9591049728039788,4,RA,matching_pursuit
ART,Mimic,$J$,50,0.9824391528667205,0.0013294699778309085,0.9833792301034286,0.9814990756300124,2,RA,matching_pursuit
ART,VitalDB,$J$,30,0.9580679458123224,0.013684462856560206,0.9714021986978468,0.9448770463422688,4,RA,matching_pursuit
ART,VitalDB,$J$,50,0.9689036937769033,0.004350759441856078,0.9719801452815512,0.9658272422722556,2,RA,matching_pursuit
II,Mimic,$J$,30,0.37289044075433897,0.033041560820295364,0.3969723106832798,0.3259998876439693,4,RA,matching_pursuit
II,Mimic,$J$,50,0.3897210114165953,0.004985163519746729,0.393246054346732,0.3861959684864586,2,RA,matching_pursuit
II,VitalDB,$J$,30,0.8015687061585491,0.0070766041967199565,0.8060485427992865,0.7911388376531118,4,RA,matching_pursuit
II,VitalDB,$J$,50,0.8112159861571098,0.0015096966467384382,0.8122835028935531,0.8101484694206664,2,RA,matching_pursuit
ART,Mimic,$C$,500,0.960087776218916,0.0013898939185508592,0.9610705796338532,0.9591049728039788,2,RA,matching_pursuit
ART,Mimic,$C$,800,0.9816420922507868,0.002373078031250059,0.9833792301034286,0.9783364677923966,4,RA,matching_pursuit
ART,VitalDB,$C$,500,0.9463134120837883,0.002031327912184975,0.9477497778253078,0.9448770463422688,2,RA,matching_pursuit
ART,VitalDB,$C$,800,0.9693630866588799,0.002873110987000359,0.9719801452815512,0.9658272422722556,4,RA,matching_pursuit
II,Mimic,$C$,500,0.36148609916362456,0.05018508160833682,0.3969723106832798,0.3259998876439693,2,RA,matching_pursuit
II,Mimic,$C$,800,0.3870078968808243,0.009844653321694877,0.3951680472599171,0.3734215174301896,4,RA,matching_pursuit
II,VitalDB,$C$,500,0.798519738410461,0.01043816995357298,0.8059006391678101,0.7911388376531118,2,RA,matching_pursuit
II,VitalDB,$C$,800,0.8079168300318735,0.004078875665989706,0.8122835028935531,0.8031868050139883,4,RA,matching_pursuit
ART,Mimic,$\zeta$,1,0.8729473190690379,0.010357816625316665,0.8818605652778231,0.8615841847788245,3,ISCOREam,welch_evo
ART,Mimic,$\zeta$,2,0.8335248991437864,0.00906771000081072,0.8430239058042164,0.8249609470974877,3,ISCOREam,welch_evo
ART,VitalDB,$\zeta$,1,0.8954023849827633,0.020540238890943176,0.9159145612297424,0.8748341979988737,3,ISCOREam,welch_evo
ART,VitalDB,$\zeta$,2,0.8782259460661802,0.019085352295760704,0.8997793869263383,0.8634695821132402,3,ISCOREam,welch_evo
II,Mimic,$\zeta$,1,0.6604711061351192,0.015239671836340604,0.6709439868698129,0.6429877610765038,3,ISCOREam,welch_evo
II,Mimic,$\zeta$,2,0.6454189335295838,0.022408426370308283,0.6709733231990541,0.6291250003111785,3,ISCOREam,welch_evo
II,VitalDB,$\zeta$,1,0.7700459302775844,0.01376224003226255,0.7859309185030018,0.7617166383955277,3,ISCOREam,welch_evo
II,VitalDB,$\zeta$,2,0.738491389156743,0.01057504594161547,0.7499442206231327,0.7290967197219713,3,ISCOREam,welch_evo
ART,Mimic,$J$,30,0.8512415612077486,0.021974725114598838,0.8753972071504661,0.8249609470974877,4,ISCOREam,welch_evo
ART,Mimic,$J$,50,0.857225204903739,0.03483966075497833,0.8818605652778231,0.832589844529655,2,ISCOREam,welch_evo
ART,VitalDB,$J$,30,0.8833853906895315,0.01716860400799967,0.8997793869263383,0.8634695821132402,4,ISCOREam,welch_evo
ART,VitalDB,$J$,50,0.8936717151943523,0.03145613452902537,0.9159145612297424,0.8714288691589621,2,ISCOREam,welch_evo
II,Mimic,$J$,30,0.6439382022313104,0.01668480946324962,0.6674815704590407,0.6291250003111785,4,ISCOREam,welch_evo
II,Mimic,$J$,50,0.6709586550344335,2.074391734156014e-05,0.6709733231990541,0.6709439868698129,2,ISCOREam,welch_evo
II,VitalDB,$J$,30,0.7474342047942117,0.017204231955067345,0.7624902339342235,0.7290967197219713,4,ISCOREam,welch_evo
II,VitalDB,$J$,50,0.7679375695630672,0.025446438103366976,0.7859309185030018,0.7499442206231327,2,ISCOREam,welch_evo
ART,Mimic,$C$,500,0.8432725659381561,0.02589653971347998,0.8615841847788245,0.8249609470974877,2,ISCOREam,welch_evo
ART,Mimic,$C$,800,0.8582178806905402,0.02409535849093716,0.8818605652778231,0.832589844529655,4,ISCOREam,welch_evo
ART,VitalDB,$C$,500,0.869151890056057,0.008035996958311833,0.8748341979988737,0.8634695821132402,2,ISCOREam,welch_evo
ART,VitalDB,$C$,800,0.8956453032586791,0.018388439134437988,0.9159145612297424,0.8714288691589621,4,ISCOREam,welch_evo
II,Mimic,$C$,500,0.6395731190775112,0.004829033025624043,0.6429877610765038,0.6361584770785187,2,ISCOREam,welch_evo
II,Mimic,$C$,800,0.6596309702097716,0.020403263145973783,0.6709733231990541,0.6291250003111785,4,ISCOREam,welch_evo
II,VitalDB,$C$,500,0.7454066790587495,0.023065765695825385,0.7617166383955277,0.7290967197219713,2,ISCOREam,welch_evo
II,VitalDB,$C$,800,0.7586996500463706,0.021042509689206557,0.7859309185030018,0.7364332271251246,4,ISCOREam,welch_evo
ART,Mimic,$\zeta$,1,0.8662807296085792,0.009914632433409652,0.8738429936414127,0.8550558714880595,3,ISCOREgm,welch_evo
ART,Mimic,$\zeta$,2,0.8268697512604635,0.008345480852750546,0.8360375192569355,0.819714666543541,3,ISCOREgm,welch_evo
ART,VitalDB,$\zeta$,1,0.8938287160435724,0.02111779203716962,0.9147739653507138,0.8725425101552111,3,ISCOREgm,welch_evo
ART,VitalDB,$\zeta$,2,0.8763195338551527,0.01959609530236429,0.8985014000645553,0.8613581279498149,3,ISCOREgm,welch_evo
II,Mimic,$\zeta$,1,0.6157611885387466,0.025260876790789737,0.6309206827589278,0.5866001023256097,3,ISCOREgm,welch_evo
II,Mimic,$\zeta$,2,0.5889539160447271,0.05281318335156971,0.6384664619137191,0.5333656274948883,3,ISCOREgm,welch_evo
II,VitalDB,$\zeta$,1,0.7664351891616431,0.014198192075890115,0.78262206017472,0.7560884087351298,3,ISCOREgm,welch_evo
II,VitalDB,$\zeta$,2,0.7328230624476735,0.01123929475064286,0.7451494233615167,0.7231431553226574,3,ISCOREgm,welch_evo
ART,Mimic,$J$,30,0.8451878452462004,0.02193036672538103,0.8699433236962655,0.819714666543541,4,ISCOREgm,welch_evo
ART,Mimic,$J$,50,0.8493500308111634,0.034638280217238734,0.8738429936414127,0.8248570679809141,2,ISCOREgm,welch_evo
ART,VitalDB,$J$,30,0.8816429276985934,0.01765803055526382,0.8985014000645553,0.8613581279498149,4,ISCOREgm,welch_evo
ART,VitalDB,$J$,50,0.8919365194509008,0.0322970257214772,0.9147739653507138,0.869099073551088,2,ISCOREgm,welch_evo
II,Mimic,$J$,30,0.5864790178262499,0.04028739230299047,0.6309206827589278,0.5333656274948883,4,ISCOREgm,welch_evo
II,Mimic,$J$,50,0.6341146212227108,0.006154432126511121,0.6384664619137191,0.6297627805317024,2,ISCOREgm,welch_evo
II,VitalDB,$J$,30,0.7425008178229282,0.018606726845681747,0.7605950985750793,0.7231431553226574,4,ISCOREgm,welch_evo
II,VitalDB,$J$,50,0.7638857417681184,0.02649715559955678,0.78262206017472,0.7451494233615167,2,ISCOREgm,welch_evo
ART,Mimic,$C$,500,0.8373852690158002,0.0249900056715726,0.8550558714880595,0.819714666543541,2,ISCOREgm,welch_evo
ART,Mimic,$C$,800,0.8511702261438819,0.02441218744769368,0.8738429936414127,0.8248570679809141,4,ISCOREgm,welch_evo
ART,VitalDB,$C$,500,0.866950319052513,0.007908552500817762,0.8725425101552111,0.8613581279498149,2,ISCOREgm,welch_evo
ART,VitalDB,$C$,800,0.8941360278977873,0.018901773738564515,0.9147739653507138,0.869099073551088,4,ISCOREgm,welch_evo
II,Mimic,$C$,500,0.559982864910249,0.0376424581457077,0.5866001023256097,0.5333656274948883,2,ISCOREgm,welch_evo
II,Mimic,$C$,800,0.6235448959824808,0.019397905423842742,0.6384664619137191,0.5950296587255739,4,ISCOREgm,welch_evo
II,VitalDB,$C$,500,0.7396157820288936,0.023295812095868475,0.7560884087351298,0.7231431553226574,2,ISCOREgm,welch_evo
II,VitalDB,$C$,800,0.7546357976925406,0.022412700126374488,0.78262206017472,0.7301766086588465,4,ISCOREgm,welch_evo
ART,Mimic,$\zeta$,1,0.8590800039092756,0.00935264161572183,0.8648736802224947,0.8482903277792014,3,ISCOREhm,welch_evo
ART,Mimic,$\zeta$,2,0.8203497170532671,0.00767899645951194,0.8290700018042695,0.814598725289344,3,ISCOREhm,welch_evo
ART,VitalDB,$\zeta$,1,0.8922319724249164,0.021710365081823457,0.9136029092914858,0.8701973963143784,3,ISCOREhm,welch_evo
ART,VitalDB,$\zeta$,2,0.8744312506594133,0.020106275549692167,0.8972313243850676,0.8592391437736705,3,ISCOREhm,welch_evo
II,Mimic,$\zeta$,1,0.5725298802080419,0.03572314707143694,0.5961617908540001,0.5314343614302638,3,ISCOREhm,welch_evo
II,Mimic,$\zeta$,2,0.527605229401721,0.10032780933831448,0.605902241438413,0.4145117928186651,3,ISCOREhm,welch_evo
II,VitalDB,$\zeta$,1,0.7627675108341743,0.014853641702664072,0.7792195688626744,0.750342909228999,3,ISCOREhm,welch_evo
II,VitalDB,$\zeta$,2,0.7269867991715732,0.011914157305402505,0.7401851401059801,0.7170260826713301,3,ISCOREhm,welch_evo
ART,Mimic,$J$,30,0.8390087646497364,0.0216728933425581,0.8640760037261307,0.814598725289344,4,ISCOREhm,welch_evo
ART,Mimic,$J$,50,0.8411270521443412,0.03358280348875419,0.8648736802224947,0.8173804240661879,2,ISCOREhm,welch_evo
ART,VitalDB,$J$,30,0.8798908690355003,0.018168396483785987,0.8972313243850676,0.8592391437736705,4,ISCOREhm,welch_evo
ART,VitalDB,$J$,50,0.8902130965554937,0.03307819039260691,0.9136029092914858,0.8668232838195017,2,ISCOREhm,welch_evo
II,Mimic,$J$,30,0.5261273997627535,0.07896591038302829,0.5961617908540001,0.4145117928186651,4,ISCOREhm,welch_evo
II,Mimic,$J$,50,0.5979478648891373,0.011249187196208146,0.605902241438413,0.5899934883398616,2,ISCOREhm,welch_evo
II,VitalDB,$J$,30,0.7374645552621469,0.020201829040179153,0.7587400544108491,0.7170260826713301,4,ISCOREhm,welch_evo
II,VitalDB,$J$,50,0.7597023544843273,0.027601509273601735,0.7792195688626744,0.7401851401059801,2,ISCOREhm,welch_evo
ART,Mimic,$C$,500,0.8314445265342727,0.023823560589619788,0.8482903277792014,0.814598725289344,2,ISCOREhm,welch_evo
ART,Mimic,$C$,800,0.8438500274547707,0.024291103677449417,0.8648736802224947,0.8173804240661879,4,ISCOREhm,welch_evo
ART,VitalDB,$C$,500,0.8647182700440245,0.007748654681489287,0.8701973963143784,0.8592391437736705,2,ISCOREhm,welch_evo
ART,VitalDB,$C$,800,0.892638282291235,0.019382913312499042,0.9136029092914858,0.8668232838195017,4,ISCOREhm,welch_evo
II,Mimic,$C$,500,0.47297307712446446,0.08267674113901079,0.5314343614302638,0.4145117928186651,2,ISCOREhm,welch_evo
II,Mimic,$C$,800,0.58861479364509,0.018662283800169956,0.605902241438413,0.562401653948085,4,ISCOREhm,welch_evo
II,VitalDB,$C$,500,0.7336844959501645,0.023558553986543763,0.750342909228999,0.7170260826713301,2,ISCOREhm,welch_evo
II,VitalDB,$C$,800,0.7504734845292284,0.0239075462768125,0.7792195688626744,0.7237491747374096,4,ISCOREhm,welch_evo
ART,Mimic,$\zeta$,1,0.9392748524750306,0.010613854716727069,0.9478051830182489,0.9273887287620332,3,MS,welch_evo
ART,Mimic,$\zeta$,2,0.9370311761425305,0.026379195681995083,0.9564744335492892,0.907003593364302,3,MS,welch_evo
ART,VitalDB,$\zeta$,1,0.8914489555536694,0.04079165460671123,0.9201083497266123,0.8447473813238635,3,MS,welch_evo
ART,VitalDB,$\zeta$,2,0.918998044709337,0.01654411202915205,0.9349569062563468,0.9019250064874283,3,MS,welch_evo
II,Mimic,$\zeta$,1,0.9470922382372597,0.006062308711869006,0.9535409544520016,0.9415094630115026,3,MS,welch_evo
II,Mimic,$\zeta$,2,0.909896002395944,0.04595699625559282,0.9433473703177113,0.8574939958532906,3,MS,welch_evo
II,VitalDB,$\zeta$,1,0.8222323351612236,0.07622570413057068,0.890345741421386,0.7398974704471524,3,MS,welch_evo
II,VitalDB,$\zeta$,2,0.8291415663592977,0.02134710810903533,0.8433084177044196,0.8045889029574381,3,MS,welch_evo
ART,Mimic,$J$,30,0.9311596173212863,0.018258456573140704,0.9476155015140004,0.907003593364302,4,MS,welch_evo
ART,Mimic,$J$,50,0.9521398082837691,0.006130085838303624,0.9564744335492892,0.9478051830182489,2,MS,welch_evo
ART,VitalDB,$J$,30,0.8977801074195428,0.03807410659255903,0.9349569062563468,0.8447473813238635,4,MS,welch_evo
ART,VitalDB,$J$,50,0.9201102855554241,2.7376753600878314e-06,0.9201122213842359,0.9201083497266123,2,MS,welch_evo
II,Mimic,$J$,30,0.9185190992824745,0.04133992021572092,0.9462262972482749,0.8574939958532906,4,MS,welch_evo
II,Mimic,$J$,50,0.9484441623848565,0.0072079524659522986,0.9535409544520016,0.9433473703177113,2,MS,welch_evo
II,VitalDB,$J$,30,0.818589873310503,0.06318176205104846,0.890345741421386,0.7398974704471524,4,MS,welch_evo
II,VitalDB,$J$,50,0.839881105659776,0.004846951176019538,0.8433084177044196,0.8364537936151325,2,MS,welch_evo
ART,Mimic,$C$,500,0.9248171195045558,0.025192130261234544,0.9426306456448096,0.907003593364302,2,MS,welch_evo
ART,Mimic,$C$,800,0.9448209617108929,0.012334250159535919,0.9564744335492892,0.9273887287620332,4,MS,welch_evo
ART,VitalDB,$C$,500,0.9057080710489804,0.005350061210279986,0.9094911356105325,0.9019250064874283,2,MS,welch_evo
ART,VitalDB,$C$,800,0.9049812146727646,0.04076123299107117,0.9349569062563468,0.8447473813238635,4,MS,welch_evo
II,Mimic,$C$,500,0.9018601465507827,0.06274321202668197,0.9462262972482749,0.8574939958532906,2,MS,welch_evo
II,Mimic,$C$,800,0.9418111071995114,0.010134393478861014,0.9535409544520016,0.92884664101683,4,MS,welch_evo
II,VitalDB,$C$,500,0.847467322189412,0.06063924201097686,0.890345741421386,0.8045889029574381,2,MS,welch_evo
II,VitalDB,$C$,800,0.8147967650456851,0.05001149465480162,0.8433084177044196,0.7398974704471524,4,MS,welch_evo
ART,Mimic,$\zeta$,1,0.8418452461563071,0.06574898982545564,0.8940782438629774,0.768013811213744,3,MP,welch_evo
ART,Mimic,$\zeta$,2,0.7651595458745118,0.015416594164872042,0.777689955846367,0.7479438616708838,3,MP,welch_evo
ART,VitalDB,$\zeta$,1,0.875264221616035,0.04000855746135782,0.9078628532463594,0.8306156274677021,3,MP,welch_evo
ART,VitalDB,$\zeta$,2,0.864982809359768,0.024000400075247813,0.8815385127723433,0.8374578613229144,3,MP,welch_evo
II,Mimic,$\zeta$,1,0.6467089649088219,0.042363601347869075,0.6804022938412091,0.5991500161210145,3,MP,welch_evo
II,Mimic,$\zeta$,2,0.7067176413497243,0.2003729487027872,0.9377900377637408,0.5810089663812521,3,MP,welch_evo
II,VitalDB,$\zeta$,1,0.7200123358046576,0.01783656251776899,0.7395471312798949,0.704593673893797,3,MP,welch_evo
II,VitalDB,$\zeta$,2,0.6121076127290505,0.00748140401274202,0.6195949042397833,0.604632110146734,3,MP,welch_evo
ART,Mimic,$J$,30,0.7873115440957781,0.051715265298454396,0.8634436833921998,0.7479438616708838,4,MP,welch_evo
ART,Mimic,$J$,50,0.8358840998546722,0.08229894770723815,0.8940782438629774,0.777689955846367,2,MP,welch_evo
ART,VitalDB,$J$,30,0.8688550945895339,0.025911585324080152,0.8873141841340435,0.8306156274677021,4,MP,welch_evo
ART,VitalDB,$J$,50,0.872660357284637,0.04978384721845208,0.9078628532463594,0.8374578613229144,2,MP,welch_evo
II,Mimic,$J$,30,0.7046740669075361,0.15994014808380214,0.9377900377637408,0.5991500161210145,4,MP,welch_evo
II,Mimic,$J$,50,0.620791775572747,0.05626138830791312,0.6605745847642419,0.5810089663812521,2,MP,welch_evo
II,VitalDB,$J$,30,0.6593044525203615,0.059080338960859825,0.715896202240281,0.604632110146734,4,MP,welch_evo
II,VitalDB,$J$,50,0.6795710177598391,0.0848190331584913,0.7395471312798949,0.6195949042397833,2,MP,welch_evo
ART,Mimic,$C$,500,0.7579788364423139,0.01419159741982832,0.768013811213744,0.7479438616708838,2,MP,welch_evo
ART,Mimic,$C$,800,0.8262641758019573,0.06197758238010053,0.8940782438629774,0.7698448201062849,4,MP,welch_evo
ART,VitalDB,$C$,500,0.8560770701200227,0.0360079175164966,0.8815385127723433,0.8306156274677021,2,MP,welch_evo
ART,VitalDB,$C$,800,0.877146738171841,0.029571894869414965,0.9078628532463594,0.8374578613229144,4,MP,welch_evo
II,Mimic,$C$,500,0.8090961658024749,0.1820006191219288,0.9377900377637408,0.6804022938412091,2,MP,welch_evo
II,Mimic,$C$,800,0.6105218717926721,0.034591213262351726,0.6605745847642419,0.5810089663812521,4,MP,welch_evo
II,VitalDB,$C$,500,0.6583447488472156,0.06540585704605215,0.704593673893797,0.6120958238006342,2,MP,welch_evo
II,VitalDB,$C$,800,0.6699175869766734,0.0677172365654501,0.7395471312798949,0.604632110146734,4,MP,welch_evo
ART,Mimic,$\zeta$,1,0.9189435993448068,0.013234181283127438,0.9315316288604658,0.905146272723583,3,AC,welch_evo
ART,Mimic,$\zeta$,2,0.7838728880065192,0.04099324587378127,0.8197988730247194,0.739218344256955,3,AC,welch_evo
ART,VitalDB,$\zeta$,1,0.9305190033578343,0.01979166834570523,0.9500374210951229,0.9104649577891294,3,AC,welch_evo
ART,VitalDB,$\zeta$,2,0.828422444679092,0.04697974545949916,0.8825925773188944,0.7988285876586751,3,AC,welch_evo
II,Mimic,$\zeta$,1,0.9013432266395838,0.00913234935289556,0.9072812421335708,0.8908273795741597,3,AC,welch_evo
II,Mimic,$\zeta$,2,0.8258530717471017,0.03811527037997503,0.8646041357154134,0.7884071187072133,3,AC,welch_evo
II,VitalDB,$\zeta$,1,0.8388732853059663,0.03531011786730768,0.87049450005681,0.8007719061389728,3,AC,welch_evo
II,VitalDB,$\zeta$,2,0.7925557749042592,0.0076356657612929495,0.800391992465773,0.7851378572194835,3,AC,welch_evo
ART,Mimic,$J$,30,0.8622695553366629,0.06656588699543693,0.9315316288604658,0.7926014467378835,4,AC,welch_evo
ART,Mimic,$J$,50,0.8296856203536633,0.12794004880691626,0.9201528964503717,0.739218344256955,2,AC,welch_evo
ART,VitalDB,$J$,30,0.8819895838392453,0.055752377131944066,0.9310546311892507,0.8038461690597065,4,AC,welch_evo
ART,VitalDB,$J$,50,0.8744330043768991,0.10692079149821941,0.9500374210951229,0.7988285876586751,2,AC,welch_evo
II,Mimic,$J$,30,0.8527659253084054,0.05585368855753221,0.9072812421335708,0.7884071187072133,4,AC,welch_evo
II,Mimic,$J$,50,0.8852625969632171,0.02921547607440302,0.9059210582110209,0.8646041357154134,2,AC,welch_evo
II,VitalDB,$J$,30,0.8096637058385958,0.02412436773389323,0.845353449722116,0.7921374750275213,4,AC,welch_evo
II,VitalDB,$J$,50,0.8278161786381467,0.060356260969591694,0.87049450005681,0.7851378572194835,2,AC,welch_evo
ART,Mimic,$C$,500,0.8620665377991746,0.09823847389036003,0.9315316288604658,0.7926014467378835,2,AC,welch_evo
ART,Mimic,$C$,800,0.8460790966139072,0.08383660628861282,0.9201528964503717,0.739218344256955,4,AC,welch_evo
ART,VitalDB,$C$,500,0.8571555634244179,0.07539086851247072,0.9104649577891294,0.8038461690597065,2,AC,welch_evo
ART,VitalDB,$C$,800,0.8906283043154858,0.06746725612639934,0.9500374210951229,0.7988285876586751,4,AC,welch_evo
II,Mimic,$C$,500,0.8576876701964189,0.04686662645510376,0.8908273795741597,0.8245479608186782,2,AC,welch_evo
II,Mimic,$C$,800,0.8665533886918045,0.05573511923679366,0.9072812421335708,0.7884071187072133,4,AC,welch_evo
II,VitalDB,$C$,500,0.8005819493023729,0.0002686395345850959,0.8007719061389728,0.800391992465773,2,AC,welch_evo
II,VitalDB,$C$,800,0.8232808205064827,0.04139696491735889,0.87049450005681,0.7851378572194835,4,AC,welch_evo
ART,Mimic,$\zeta$,1,0.6916927252935826,0.02253949882287175,0.7066398653711243,0.6657674274275052,3,SS,welch_evo
ART,Mimic,$\zeta$,2,0.7056264172905061,0.01085013422027556,0.7161852540805156,0.6945067388987674,3,SS,welch_evo
ART,VitalDB,$\zeta$,1,0.8191731508924676,0.037864160245035444,0.8459330215673442,0.7758494913016964,3,SS,welch_evo
ART,VitalDB,$\zeta$,2,0.8159733014754814,0.02681179666540107,0.833993198374557,0.7851611759044536,3,SS,welch_evo
II,Mimic,$\zeta$,1,0.43573977113972423,0.061605982546703075,0.4942990837691984,0.37148294707490603,3,SS,welch_evo
II,Mimic,$\zeta$,2,0.39909801995517274,0.2131518740723849,0.5797101750944351,0.1639880802736038,3,SS,welch_evo
II,VitalDB,$\zeta$,1,0.6666664118250528,0.0421211145610339,0.7052555044622819,0.6217330328703713,3,SS,welch_evo
II,VitalDB,$\zeta$,2,0.6515283427659898,0.0343112596441104,0.6893964210584238,0.6225062402182013,3,SS,welch_evo
ART,Mimic,$J$,30,0.7050006853581313,0.00900615307365001,0.7161852540805156,0.6945067388987674,4,SS,welch_evo
ART,Mimic,$J$,50,0.6859773431598701,0.02858113692312792,0.7061872588922351,0.6657674274275052,2,SS,welch_evo
ART,VitalDB,$J$,30,0.8102342217870128,0.03488008311639764,0.8459330215673442,0.7758494913016964,4,SS,welch_evo
ART,VitalDB,$J$,50,0.8322512349778979,0.004929531045671847,0.8357369398083621,0.8287655301474337,2,SS,welch_evo
II,Mimic,$J$,30,0.37084147890379693,0.14705871685582253,0.4942990837691984,0.1639880802736038,4,SS,welch_evo
II,Mimic,$J$,50,0.5105737288347516,0.09777369995472303,0.5797101750944351,0.4414372825750682,2,SS,welch_evo
II,VitalDB,$J$,30,0.6480442861430498,0.039354574137691854,0.7052555044622819,0.6217330328703713,4,SS,welch_evo
II,VitalDB,$J$,50,0.6812035596004645,0.01158645578848982,0.6893964210584238,0.6730106981425052,2,SS,welch_evo
ART,Mimic,$C$,500,0.71141255972582,0.006749609085472064,0.7161852540805156,0.7066398653711243,2,SS,welch_evo
ART,Mimic,$C$,800,0.6922830770751565,0.018341729596591298,0.7061872588922351,0.6657674274275052,4,SS,welch_evo
ART,VitalDB,$C$,500,0.780505333603075,0.006584355326879954,0.7851611759044536,0.7758494913016964,2,SS,welch_evo
ART,VitalDB,$C$,800,0.8361071724744242,0.007189181250931237,0.8459330215673442,0.8287655301474337,4,SS,welch_evo
II,Mimic,$C$,500,0.2677355136742549,0.14672102737660025,0.37148294707490603,0.1639880802736038,2,SS,welch_evo
II,Mimic,$C$,800,0.49226058648404525,0.06252881897067122,0.5797101750944351,0.4414372825750682,4,SS,welch_evo
II,VitalDB,$C$,500,0.6221196365442863,0.0005467401589139265,0.6225062402182013,0.6217330328703713,2,SS,welch_evo
II,VitalDB,$C$,800,0.6775862476711388,0.026735023874535968,0.7052555044622819,0.6426823670213444,4,SS,welch_evo
ART,Mimic,$\zeta$,1,0.9729801720754626,0.012119875750236694,0.9814990756300124,0.9591049728039788,3,RA,welch_evo
ART,Mimic,$\zeta$,2,0.9759344684048639,0.012872511655898592,0.9833792301034286,0.9610705796338532,3,RA,welch_evo
ART,VitalDB,$\zeta$,1,0.9606065934938098,0.011199641234756521,0.968242760383866,0.9477497778253078,3,RA,welch_evo
ART,VitalDB,$\zeta$,2,0.9627531301072222,0.01548383943478261,0.9719801452815512,0.9448770463422688,3,RA,welch_evo
II,Mimic,$\zeta$,1,0.37147132975020614,0.0393911481123008,0.3951680472599171,0.3259998876439693,3,RA,welch_evo
II,Mimic,$\zeta$,2,0.38552993219997606,0.011789515213257669,0.3969723106832798,0.3734215174301896,3,RA,welch_evo
II,VitalDB,$\zeta$,1,0.8024452832910215,0.010003955932401503,0.8101484694206664,0.7911388376531118,3,RA,welch_evo
II,VitalDB,$\zeta$,2,0.8071236490251171,0.004670042067403949,0.8122835028935531,0.8031868050139883,3,RA,welch_evo
ART,Mimic,$J$,30,0.9704664039268845,0.012184433273794265,0.9833535954773096,0.9591049728039788,4,RA,welch_evo
ART,Mimic,$J$,50,0.9824391528667205,0.0013294699778309085,0.9833792301034286,0.9814990756300124,2,RA,welch_evo
ART,VitalDB,$J$,30,0.9580679458123224,0.013684462856560206,0.9714021986978468,0.9448770463422688,4,RA,welch_evo
ART,VitalDB,$J$,50,0.9689036937769033,0.004350759441856078,0.9719801452815512,0.9658272422722556,2,RA,welch_evo
II,Mimic,$J$,30,0.37289044075433897,0.033041560820295364,0.3969723106832798,0.3259998876439693,4,RA,welch_evo
II,Mimic,$J$,50,0.3897210114165953,0.004985163519746729,0.393246054346732,0.3861959684864586,2,RA,welch_evo
II,VitalDB,$J$,30,0.8015687061585491,0.0070766041967199565,0.8060485427992865,0.7911388376531118,4,RA,welch_evo
II,VitalDB,$J$,50,0.8112159861571098,0.0015096966467384382,0.8122835028935531,0.8101484694206664,2,RA,welch_evo
ART,Mimic,$C$,500,0.960087776218916,0.0013898939185508592,0.9610705796338532,0.9591049728039788,2,RA,welch_evo
ART,Mimic,$C$,800,0.9816420922507868,0.002373078031250059,0.9833792301034286,0.9783364677923966,4,RA,welch_evo
ART,VitalDB,$C$,500,0.9463134120837883,0.002031327912184975,0.9477497778253078,0.9448770463422688,2,RA,welch_evo
ART,VitalDB,$C$,800,0.9693630866588799,0.002873110987000359,0.9719801452815512,0.9658272422722556,4,RA,welch_evo
II,Mimic,$C$,500,0.36148609916362456,0.05018508160833682,0.3969723106832798,0.3259998876439693,2,RA,welch_evo
II,Mimic,$C$,800,0.3870078968808243,0.009844653321694877,0.3951680472599171,0.3734215174301896,4,RA,welch_evo
II,VitalDB,$C$,500,0.798519738410461,0.01043816995357298,0.8059006391678101,0.7911388376531118,2,RA,welch_evo
II,VitalDB,$C$,800,0.8079168300318735,0.004078875665989706,0.8122835028935531,0.8031868050139883,4,RA,welch_evo
